Broj_police,Datum_štete,Iznos_pojedinačne_štete
13,2025-03-03,701.32
16,2025-08-01,505.47
20,2025-10-22,555.05
20,2025-02-19,208.11
21,2025-10-02,471.8
22,2025-11-14,309.39
27,2025-11-16,3225.0
40,2025-11-16,158.88
45,2025-06-07,435.88
55,2025-08-28,139.06
71,2025-07-04,271.71
88,2025-08-24,990.57
94,2025-03-26,307.3
98,2025-07-03,2339.83
102,2025-04-10,1857.65
106,2025-08-10,766.42
109,2025-10-26,3445.53
114,2025-03-27,1803.85
116,2025-08-03,1850.09
116,2025-04-15,159.67
120,2025-07-31,989.42
125,2025-09-05,755.36
133,2025-10-31,109.22
136,2025-04-22,1173.02
141,2025-01-12,2334.86
142,2025-08-21,1230.55
146,2025-07-12,687.39
160,2025-10-02,179.18
171,2025-11-26,431.73
173,2025-11-05,311.33
187,2025-06-10,1037.92
198,2025-08-14,2475.14
205,2025-03-24,821.13
220,2025-10-09,486.1
221,2025-03-11,2180.74
224,2025-12-02,5821.63
235,2025-06-10,592.17
246,2025-06-10,407.99
248,2025-06-06,894.42
248,2025-09-25,944.25
260,2025-02-04,300.35
271,2025-09-07,2236.29
273,2025-12-04,666.93
274,2025-05-31,1154.81
277,2025-07-02,168.22
294,2025-08-10,2969.23
306,2025-09-09,592.08
317,2025-04-13,577.15
336,2025-02-01,1299.82
336,2025-07-31,884.77
343,2025-03-14,1083.77
343,2025-04-04,374.96
344,2025-08-06,3370.17
350,2025-06-10,3447.87
350,2025-09-28,2443.83
354,2025-09-12,1828.18
367,2025-08-24,817.2
376,2025-11-28,2423.55
377,2025-04-25,155.68
380,2025-08-14,143.65
380,2025-08-10,1598.81
384,2025-09-26,686.27
387,2025-02-02,320.09
392,2025-08-05,1736.99
395,2025-04-05,215.75
395,2025-10-19,2547.23
398,2025-04-23,596.34
398,2025-05-29,1787.36
399,2025-05-23,128.92
401,2025-07-20,472.65
407,2025-05-29,489.03
412,2025-02-17,357.47
416,2025-07-05,854.26
416,2025-10-06,2262.03
418,2025-10-07,1620.29
419,2025-09-03,298.3
427,2025-05-24,204.16
430,2025-06-10,238.44
440,2025-07-13,3482.25
442,2025-07-10,5352.52
450,2025-02-24,3237.59
465,2025-01-13,822.7
470,2025-08-08,2502.83
473,2025-08-12,891.35
473,2025-09-26,733.29
474,2025-02-05,252.21
475,2025-06-25,6308.84
487,2025-12-31,1616.74
490,2025-06-03,433.14
493,2025-06-28,4078.8
493,2025-12-15,385.92
502,2025-11-18,2484.27
507,2025-06-20,393.31
509,2025-09-15,1285.96
516,2025-09-09,433.26
524,2025-09-03,267.42
530,2025-04-04,312.33
531,2025-07-17,940.35
543,2025-06-06,615.01
564,2025-10-31,2428.88
575,2025-05-19,785.73
588,2025-08-26,1635.22
603,2025-02-20,2956.01
606,2025-10-16,1222.0
633,2025-06-05,275.47
638,2025-12-19,288.52
652,2025-09-25,2207.8
660,2025-08-15,413.34
681,2025-09-07,3462.41
691,2025-07-21,1953.65
694,2025-10-10,822.71
699,2025-09-27,259.96
708,2025-04-24,468.75
712,2025-04-04,1471.15
713,2025-02-23,398.73
714,2025-06-24,116.6
715,2025-07-29,610.4
716,2025-12-19,5285.85
727,2025-12-27,1168.75
740,2025-07-19,1797.73
746,2025-08-05,346.4
747,2025-06-19,1173.53
749,2025-10-09,1051.37
761,2025-08-14,869.99
773,2025-12-21,502.72
775,2025-04-06,458.38
775,2025-09-02,5291.69
776,2025-07-02,1192.38
783,2025-10-15,1121.13
783,2025-10-06,1083.61
789,2025-07-02,1739.16
789,2025-06-09,194.01
797,2025-03-30,239.28
807,2025-03-30,8640.27
808,2025-05-26,1863.52
808,2025-09-03,1315.05
813,2025-10-21,3913.85
817,2025-06-12,992.83
830,2025-08-10,750.37
833,2025-09-19,2169.04
857,2025-09-12,1127.92
859,2025-08-30,188.59
869,2025-10-15,261.62
878,2025-03-28,2463.83
878,2025-12-28,6303.78
879,2025-03-27,1739.79
899,2025-05-09,430.59
900,2025-01-13,1163.25
901,2025-10-21,734.45
904,2025-08-02,3594.59
921,2025-12-02,865.77
945,2025-04-21,3309.17
946,2025-02-07,3243.96
958,2025-06-05,2025.9
965,2025-07-19,903.02
969,2025-12-23,761.4
972,2025-11-09,794.59
989,2025-04-09,5288.69
1008,2025-12-09,352.03
1008,2025-10-15,502.64
1017,2025-11-08,277.11
1024,2025-11-08,1936.76
1031,2025-03-14,1088.95
1031,2025-09-24,393.08
1033,2025-07-29,3699.78
1036,2025-11-18,1784.27
1037,2025-10-07,2513.48
1039,2025-08-30,597.04
1039,2025-02-20,620.77
1043,2025-10-28,1290.43
1043,2025-07-13,167.71
1050,2025-12-30,227.64
1055,2025-10-30,738.73
1060,2025-05-29,303.02
1080,2025-07-07,11974.73
1096,2025-08-20,679.67
1098,2025-06-16,229.57
1098,2025-08-31,177.73
1102,2025-06-30,529.29
1103,2025-07-08,3683.69
1107,2025-09-19,1961.52
1138,2025-12-06,120.85
1149,2025-06-23,463.48
1158,2025-12-28,293.1
1172,2025-07-07,1484.47
1175,2025-04-15,796.01
1197,2025-08-05,3070.25
1199,2025-06-21,701.47
1200,2025-03-23,545.28
1203,2025-09-03,477.21
1209,2025-11-01,488.35
1221,2025-07-25,1114.19
1227,2025-03-30,325.22
1229,2025-11-07,3548.44
1231,2025-09-30,127.21
1241,2025-11-12,1883.87
1252,2025-09-07,627.58
1262,2025-09-08,2128.41
1279,2025-06-17,300.01
1291,2025-04-01,2925.85
1302,2025-02-03,426.36
1307,2025-01-29,726.32
1325,2025-01-20,263.06
1329,2025-06-25,1425.29
1334,2025-01-24,918.3
1335,2025-08-03,7699.54
1338,2025-08-07,1476.18
1362,2025-09-23,4233.75
1363,2025-08-22,1409.46
1364,2025-09-19,2074.84
1365,2025-03-09,1745.27
1365,2025-01-31,111.47
1373,2025-09-21,966.9
1373,2025-08-21,1912.96
1378,2025-11-11,1257.65
1385,2025-11-30,265.39
1388,2025-08-20,712.98
1390,2025-08-06,2721.22
1391,2025-07-08,411.82
1399,2025-07-20,2347.64
1403,2025-11-06,1818.58
1418,2025-11-03,1423.94
1461,2025-05-10,410.73
1465,2025-02-05,2669.22
1472,2025-12-25,851.18
1480,2025-08-22,1664.86
1480,2025-01-03,1975.12
1480,2025-08-14,478.79
1491,2025-07-05,1282.71
1498,2025-04-24,556.79
1502,2025-08-03,2043.36
1539,2025-12-28,1470.29
1541,2025-01-13,620.78
1543,2025-06-30,890.67
1551,2025-04-02,658.05
1553,2025-09-25,867.86
1557,2025-08-08,1401.07
1558,2025-08-31,1383.32
1560,2025-08-29,3843.66
1570,2025-06-17,1889.57
1581,2025-04-28,160.88
1600,2025-10-25,3340.83
1601,2025-10-07,209.44
1603,2025-09-12,342.74
1603,2025-10-26,4075.59
1606,2025-07-12,1272.22
1613,2025-12-12,3684.91
1616,2025-09-11,2698.41
1619,2025-03-15,2564.78
1629,2025-09-15,517.09
1633,2025-09-29,1691.53
1653,2025-03-11,665.07
1656,2025-03-04,1094.04
1668,2025-09-06,1868.93
1668,2025-09-02,369.03
1678,2025-01-09,2152.82
1678,2025-10-23,1635.09
1679,2025-07-20,352.45
1695,2025-08-05,1360.25
1706,2025-11-24,1255.83
1708,2025-08-11,1114.49
1725,2025-07-01,3449.72
1727,2025-10-24,2399.89
1733,2025-11-11,1386.02
1739,2025-06-15,2205.6
1743,2025-06-20,294.44
1746,2025-05-14,782.82
1761,2025-12-12,4409.65
1761,2025-07-02,1801.42
1764,2025-12-28,1005.26
1767,2025-07-21,478.79
1779,2025-10-13,1493.64
1779,2025-06-15,4329.74
1783,2025-09-15,3287.44
1783,2025-08-22,3606.77
1787,2025-08-11,1593.8
1807,2025-12-28,2587.14
1828,2025-12-05,3751.69
1828,2025-02-27,2319.09
1832,2025-08-03,752.47
1842,2025-06-01,2283.32
1845,2025-10-30,122.21
1845,2025-12-13,1460.59
1859,2025-08-09,297.43
1867,2025-04-24,446.12
1879,2025-07-04,3126.72
1886,2025-08-18,1281.82
1887,2025-08-16,1963.66
1889,2025-09-12,3627.91
1891,2025-08-21,136.91
1938,2025-10-19,1163.39
1941,2025-12-24,2171.61
1954,2025-07-03,2028.13
1955,2025-07-28,1154.72
1965,2025-10-23,132.23
1990,2025-08-02,6964.17
2009,2025-05-13,956.42
2014,2025-06-25,120.36
2024,2025-02-02,1258.25
2035,2025-06-30,1528.94
2043,2025-06-16,540.72
2057,2025-09-17,2515.43
2058,2025-04-07,603.08
2071,2025-03-28,618.16
2084,2025-07-07,2063.42
2087,2025-03-23,497.37
2090,2025-11-12,1328.81
2124,2025-03-06,2607.51
2128,2025-05-30,1628.74
2129,2025-06-19,2385.71
2131,2025-05-21,458.52
2138,2025-12-02,11499.07
2148,2025-12-22,246.67
2154,2025-06-04,518.96
2157,2025-08-25,588.46
2187,2025-08-04,1375.98
2196,2025-12-16,2447.52
2217,2025-08-05,553.06
2217,2025-06-18,388.4
2219,2025-09-21,534.28
2228,2025-10-20,1065.97
2231,2025-03-13,194.58
2242,2025-02-23,970.09
2246,2025-04-08,672.98
2269,2025-06-26,157.28
2272,2025-10-03,2888.42
2274,2025-09-18,3542.75
2277,2025-07-19,176.58
2278,2025-06-13,2757.22
2281,2025-05-14,228.68
2281,2025-10-29,2828.09
2294,2025-01-30,373.34
2310,2025-07-15,689.84
2311,2025-07-25,287.72
2312,2025-08-10,3166.04
2329,2025-08-27,1044.51
2330,2025-06-29,596.28
2331,2025-05-21,204.91
2346,2025-06-05,1614.23
2346,2025-12-17,1890.65
2357,2025-08-27,1171.97
2361,2025-09-14,707.17
2365,2025-05-19,3496.45
2369,2025-02-11,2698.38
2374,2025-05-19,1704.21
2375,2025-05-17,498.47
2395,2025-07-16,744.67
2400,2025-06-12,214.24
2412,2025-09-24,581.25
2420,2025-09-17,1808.09
2428,2025-04-30,307.2
2430,2025-12-30,514.17
2435,2025-07-25,267.38
2443,2025-01-16,458.43
2456,2025-05-11,1084.79
2460,2025-02-02,3094.65
2462,2025-08-25,2368.58
2466,2025-01-09,355.35
2482,2025-07-17,2939.41
2491,2025-08-08,196.28
2496,2025-01-25,2054.18
2498,2025-03-17,1243.64
2511,2025-08-29,1248.41
2524,2025-06-28,908.53
2531,2025-08-16,153.55
2538,2025-08-26,756.0
2543,2025-11-27,5446.73
2553,2025-09-11,801.18
2553,2025-03-13,384.34
2554,2025-11-21,1742.21
2570,2025-05-13,950.8
2579,2025-05-03,400.22
2583,2025-09-01,2606.78
2589,2025-12-26,614.88
2596,2025-12-28,389.35
2600,2025-01-25,191.28
2602,2025-12-09,134.14
2610,2025-07-12,740.88
2616,2025-04-16,691.27
2662,2025-03-10,2087.87
2695,2025-08-29,1138.34
2695,2025-08-27,2203.42
2702,2025-10-22,735.78
2703,2025-09-27,1084.03
2706,2025-07-10,4557.91
2715,2025-06-20,2750.13
2716,2025-09-10,1124.64
2717,2025-09-24,3099.96
2718,2025-07-10,901.75
2718,2025-08-12,2099.9
2725,2025-11-26,6091.97
2738,2025-09-06,1787.45
2739,2025-08-14,333.73
2747,2025-11-29,868.17
2749,2025-09-27,1655.06
2755,2025-08-03,3978.7
2769,2025-01-27,686.35
2787,2025-01-13,2932.48
2792,2025-07-08,1468.47
2797,2025-07-02,329.08
2800,2025-09-30,193.07
2801,2025-02-10,533.52
2806,2025-08-27,1819.09
2808,2025-01-20,184.66
2809,2025-02-16,2782.51
2818,2025-10-09,2431.74
2824,2025-01-26,454.88
2829,2025-05-10,384.68
2851,2025-11-19,588.97
2869,2025-09-20,841.52
2871,2025-07-13,911.62
2880,2025-10-19,557.46
2886,2025-01-08,3571.38
2886,2025-12-02,2303.25
2904,2025-01-13,1803.51
2906,2025-07-21,1401.0
2912,2025-08-03,2316.28
2924,2025-02-13,1929.27
2949,2025-07-12,2117.12
2949,2025-09-16,143.75
2963,2025-09-07,245.31
2969,2025-01-27,863.19
2984,2025-12-31,1790.86
2985,2025-09-03,1570.55
2990,2025-10-18,1495.08
3002,2025-04-12,1136.15
3005,2025-11-24,436.15
3021,2025-12-23,1014.9
3025,2025-06-01,1145.22
3025,2025-02-11,350.57
3027,2025-09-24,735.1
3058,2025-08-10,1992.5
3097,2025-11-23,366.61
3101,2025-01-20,800.38
3105,2025-09-21,1473.48
3105,2025-07-02,1045.04
3107,2025-04-08,1088.93
3110,2025-02-17,1524.45
3115,2025-07-12,259.75
3121,2025-11-23,1684.39
3130,2025-06-12,414.01
3130,2025-08-16,1217.23
3131,2025-06-18,2732.1
3149,2025-07-04,667.36
3164,2025-05-19,3188.53
3178,2025-10-04,2075.46
3179,2025-06-25,5466.31
3186,2025-06-02,3319.87
3186,2025-09-08,4921.13
3189,2025-09-05,2137.86
3189,2025-01-03,3759.85
3192,2025-06-05,313.51
3217,2025-11-03,791.17
3219,2025-06-18,2467.8
3220,2025-08-27,903.61
3223,2025-06-24,5237.81
3236,2025-01-10,920.1
3239,2025-02-23,2027.35
3261,2025-08-23,1974.67
3265,2025-09-18,437.19
3267,2025-05-29,1819.68
3283,2025-06-05,1770.5
3284,2025-01-01,141.99
3287,2025-07-28,214.1
3292,2025-11-05,594.68
3292,2025-04-13,1356.09
3303,2025-01-30,1567.75
3309,2025-05-01,278.93
3328,2025-09-25,1917.24
3337,2025-06-06,1195.31
3344,2025-09-29,226.85
3349,2025-04-12,1336.79
3355,2025-02-26,2956.84
3374,2025-07-05,502.68
3380,2025-08-17,1264.44
3381,2025-11-30,889.35
3386,2025-04-20,2721.71
3397,2025-01-18,759.19
3397,2025-08-11,2327.74
3406,2025-04-17,2069.49
3408,2025-07-22,591.31
3411,2025-07-26,2430.17
3415,2025-10-28,1966.74
3423,2025-07-01,894.85
3423,2025-04-19,3846.0
3423,2025-06-17,2513.35
3429,2025-07-19,366.22
3432,2025-07-06,1272.34
3432,2025-12-28,832.52
3448,2025-09-25,2892.01
3456,2025-06-18,722.78
3462,2025-12-14,7786.04
3470,2025-09-15,622.38
3483,2025-07-22,932.07
3490,2025-04-17,2741.78
3511,2025-11-13,4543.27
3516,2025-01-31,912.56
3526,2025-10-19,388.18
3527,2025-06-19,562.25
3527,2025-06-03,2173.47
3549,2025-06-29,1374.44
3556,2025-04-18,1036.84
3561,2025-03-11,322.38
3565,2025-07-03,993.06
3570,2025-08-20,2693.23
3582,2025-12-23,662.4
3584,2025-06-09,1889.03
3600,2025-06-05,1533.38
3603,2025-05-09,399.71
3606,2025-08-20,104.08
3607,2025-09-18,157.06
3617,2025-12-01,1997.28
3623,2025-07-19,356.75
3649,2025-04-27,443.03
3656,2025-02-18,503.94
3661,2025-09-14,1600.65
3666,2025-09-25,1872.74
3690,2025-08-02,527.76
3702,2025-07-14,1291.32
3709,2025-03-05,2009.58
3711,2025-02-25,1425.51
3730,2025-05-27,1637.55
3734,2025-07-04,398.95
3746,2025-08-07,132.03
3749,2025-08-13,185.87
3762,2025-03-14,2540.52
3765,2025-07-20,276.64
3768,2025-07-03,1547.96
3787,2025-08-01,1966.21
3788,2025-12-18,2947.13
3796,2025-07-15,209.18
3802,2025-03-07,431.43
3803,2025-10-22,10157.84
3804,2025-11-19,1998.55
3805,2025-01-02,2295.49
3818,2025-08-27,753.33
3819,2025-03-21,461.64
3822,2025-05-07,314.72
3823,2025-03-09,651.86
3838,2025-10-06,1076.76
3839,2025-10-13,1801.52
3848,2025-12-19,367.87
3863,2025-07-02,596.75
3880,2025-12-17,184.86
3895,2025-07-05,725.99
3906,2025-05-26,726.75
3912,2025-10-10,1041.19
3927,2025-07-03,236.74
3929,2025-09-02,2087.06
3939,2025-01-17,869.36
3940,2025-08-15,357.03
3945,2025-03-18,2013.62
3950,2025-08-10,501.86
3957,2025-04-13,3264.41
3959,2025-09-10,565.41
3969,2025-10-23,554.07
3972,2025-01-04,945.44
3983,2025-03-29,437.99
3983,2025-09-27,621.43
3993,2025-04-10,2216.28
3995,2025-07-10,1752.83
3997,2025-11-29,2207.36
4003,2025-08-25,233.6
4010,2025-03-30,281.79
4029,2025-05-03,1766.52
4034,2025-09-23,368.32
4042,2025-10-02,608.76
4053,2025-03-31,528.88
4057,2025-04-03,1992.16
4057,2025-10-28,2886.07
4065,2025-08-02,3644.75
4071,2025-01-25,175.18
4082,2025-07-03,1561.11
4082,2025-06-18,344.11
4089,2025-03-02,1170.48
4109,2025-09-11,1214.84
4110,2025-01-14,2434.2
4111,2025-09-14,1009.25
4118,2025-06-18,1793.29
4128,2025-11-26,1174.68
4132,2025-03-12,855.9
4133,2025-11-01,1600.89
4147,2025-11-26,1901.76
4163,2025-02-12,3097.93
4175,2025-07-31,663.37
4176,2025-07-10,238.7
4183,2025-08-21,2417.75
4188,2025-07-18,2172.19
4203,2025-06-21,904.17
4205,2025-09-25,3190.17
4205,2025-09-28,137.0
4213,2025-10-06,1077.17
4250,2025-08-16,747.85
4252,2025-07-30,823.14
4257,2025-06-21,2215.58
4267,2025-06-09,1586.69
4285,2025-12-19,2508.07
4288,2025-06-17,257.51
4291,2025-09-20,311.02
4303,2025-07-19,145.88
4303,2025-01-28,510.35
4305,2025-05-27,432.73
4307,2025-01-10,163.42
4307,2025-11-06,518.41
4314,2025-01-21,2493.91
4333,2025-06-21,891.25
4334,2025-10-27,1621.27
4339,2025-12-04,2771.0
4360,2025-09-25,692.32
4387,2025-07-20,434.13
4395,2025-12-14,3204.05
4406,2025-12-31,2362.79
4413,2025-04-09,164.5
4414,2025-09-18,146.87
4416,2025-05-20,533.27
4418,2025-06-24,1216.06
4420,2025-01-04,1339.16
4442,2025-08-03,1219.45
4442,2025-08-02,1574.62
4442,2025-09-11,1576.18
4449,2025-06-17,310.45
4471,2025-08-14,922.95
4472,2025-05-24,2266.7
4472,2025-07-26,1919.71
4475,2025-01-24,1109.23
4491,2025-07-08,1483.55
4499,2025-09-25,480.91
4505,2025-01-05,1024.35
4510,2025-07-28,394.58
4513,2025-04-12,4337.0
4519,2025-09-17,1567.05
4526,2025-02-13,528.33
4535,2025-11-27,699.53
4538,2025-07-31,161.19
4562,2025-04-04,1611.71
4564,2025-07-21,12885.15
4570,2025-01-18,2259.19
4576,2025-12-01,1499.3
4597,2025-11-23,1394.23
4609,2025-09-28,1007.49
4612,2025-09-10,1836.92
4615,2025-05-05,984.08
4617,2025-04-10,1579.56
4622,2025-06-17,749.37
4623,2025-02-04,842.85
4642,2025-08-05,117.45
4643,2025-07-23,2490.03
4643,2025-07-29,401.89
4654,2025-04-18,1874.97
4657,2025-04-17,1583.32
4663,2025-01-04,876.25
4680,2025-01-01,3056.74
4681,2025-07-15,2097.87
4681,2025-03-19,2745.65
4688,2025-11-12,913.34
4691,2025-08-22,3378.73
4692,2025-07-03,927.9
4692,2025-04-04,998.5
4696,2025-09-09,1062.29
4709,2025-05-05,200.81
4716,2025-12-26,943.33
4717,2025-12-05,358.56
4725,2025-06-02,404.91
4731,2025-06-19,531.64
4733,2025-05-27,1334.68
4733,2025-10-24,1049.05
4747,2025-03-09,837.14
4755,2025-06-11,1272.95
4757,2025-06-19,1318.17
4761,2025-02-15,1577.04
4765,2025-04-17,1635.55
4771,2025-08-16,480.57
4776,2025-08-26,2894.68
4781,2025-12-19,1234.91
4783,2025-07-09,1577.06
4833,2025-12-06,2935.75
4849,2025-06-11,3771.79
4852,2025-07-26,1451.62
4879,2025-02-14,5884.45
4880,2025-11-13,884.1
4884,2025-03-31,968.85
4884,2025-11-04,3535.37
4886,2025-02-08,1298.81
4886,2025-06-20,758.16
4888,2025-04-07,324.51
4894,2025-09-16,305.27
4924,2025-10-08,2414.02
4933,2025-05-11,966.52
4945,2025-01-18,1014.82
4946,2025-05-28,1269.35
4956,2025-09-09,1905.34
4969,2025-10-08,389.89
4979,2025-03-08,2956.8
4981,2025-03-10,202.67
4982,2025-03-29,2975.87
4986,2025-03-21,1611.52
5006,2025-01-07,1872.26
5007,2025-08-08,2879.53
5008,2025-03-26,5501.36
5013,2025-02-26,6302.91
5036,2025-08-15,122.73
5037,2025-04-08,295.3
5045,2025-09-08,998.08
5053,2025-12-30,1147.32
5059,2025-06-11,295.17
5066,2025-12-28,704.83
5069,2025-11-17,889.58
5076,2025-06-29,1649.04
5081,2025-01-10,1192.25
5099,2025-08-20,698.32
5113,2025-03-31,908.86
5119,2025-05-24,1777.98
5119,2025-01-02,301.27
5122,2025-01-04,1377.47
5122,2025-01-26,2706.71
5125,2025-07-05,375.28
5128,2025-01-31,698.58
5141,2025-12-25,4417.46
5150,2025-02-08,1407.83
5151,2025-06-06,2720.59
5170,2025-08-20,1050.03
5176,2025-08-02,733.87
5178,2025-06-07,1978.4
5183,2025-09-09,818.35
5185,2025-05-31,1620.92
5185,2025-06-02,4925.73
5202,2025-10-18,1730.37
5212,2025-07-23,2094.13
5223,2025-01-11,3033.82
5226,2025-03-27,1071.24
5236,2025-10-10,139.56
5237,2025-11-30,467.29
5247,2025-06-15,193.07
5259,2025-06-28,173.23
5267,2025-04-24,308.09
5268,2025-05-27,1271.26
5271,2025-02-26,804.93
5279,2025-05-01,210.58
5292,2025-06-23,855.82
5292,2025-11-22,390.81
5296,2025-02-23,800.03
5296,2025-08-08,3861.12
5296,2025-11-05,1771.02
5315,2025-07-15,640.6
5322,2025-09-08,433.31
5324,2025-08-01,697.53
5327,2025-07-28,568.63
5330,2025-07-23,3327.6
5335,2025-02-19,2977.15
5346,2025-12-06,901.47
5349,2025-10-12,784.03
5361,2025-09-21,1536.38
5363,2025-04-23,1508.1
5384,2025-09-09,7086.25
5391,2025-02-05,400.72
5392,2025-01-03,1409.9
5398,2025-07-21,2223.22
5401,2025-07-26,311.34
5401,2025-04-30,761.07
5402,2025-12-25,965.33
5403,2025-06-08,1690.54
5417,2025-07-08,315.31
5426,2025-04-21,1510.82
5441,2025-07-30,685.09
5441,2025-07-21,548.55
5449,2025-01-07,907.46
5469,2025-09-15,250.05
5471,2025-12-22,148.95
5495,2025-12-13,1321.21
5497,2025-01-07,796.72
5499,2025-05-26,461.44
5512,2025-08-19,2899.43
5514,2025-09-15,326.51
5521,2025-06-20,1300.92
5527,2025-08-04,1897.9
5527,2025-07-15,1984.79
5531,2025-05-09,2439.06
5532,2025-07-02,4349.88
5533,2025-02-21,199.84
5538,2025-04-12,1158.71
5545,2025-07-13,3337.72
5553,2025-12-01,1061.65
5555,2025-04-28,2831.33
5559,2025-10-21,3345.15
5566,2025-04-16,462.12
5577,2025-11-15,533.43
5579,2025-06-20,1016.9
5589,2025-01-22,316.3
5594,2025-04-09,3985.26
5601,2025-04-15,655.68
5615,2025-07-02,2269.48
5618,2025-08-13,1757.75
5629,2025-07-26,1045.33
5641,2025-06-14,650.6
5641,2025-07-30,746.87
5647,2025-09-04,1478.22
5651,2025-08-08,1805.07
5653,2025-09-07,125.04
5659,2025-08-18,1109.29
5662,2025-07-04,1451.37
5666,2025-06-14,2334.89
5667,2025-08-06,230.89
5674,2025-08-25,2919.26
5676,2025-10-01,1778.68
5693,2025-12-03,910.2
5697,2025-09-29,2263.04
5703,2025-04-26,1086.5
5710,2025-03-02,113.72
5713,2025-03-01,257.16
5718,2025-08-20,408.65
5720,2025-06-08,670.65
5729,2025-12-06,1269.6
5738,2025-07-06,322.67
5752,2025-02-24,391.87
5755,2025-04-06,1163.82
5768,2025-05-07,1268.91
5771,2025-09-06,694.73
5780,2025-07-13,4298.63
5782,2025-12-23,2235.46
5789,2025-10-29,1569.63
5789,2025-07-26,4151.05
5796,2025-04-01,5163.46
5807,2025-12-07,2792.5
5809,2025-08-09,1738.6
5809,2025-04-11,3825.86
5820,2025-02-05,897.49
5823,2025-12-12,1490.21
5824,2025-04-26,479.48
5828,2025-05-27,302.0
5835,2025-08-17,838.62
5852,2025-06-20,5211.0
5868,2025-06-10,2505.5
5869,2025-11-21,1104.15
5881,2025-09-24,266.42
5899,2025-11-16,1873.56
5912,2025-08-04,728.89
5913,2025-08-28,628.22
5926,2025-08-29,1430.72
5931,2025-12-17,149.7
5943,2025-02-19,234.24
5963,2025-05-15,2171.51
5965,2025-02-16,551.66
5971,2025-09-23,243.63
5971,2025-08-10,310.17
5975,2025-08-28,916.33
5978,2025-08-29,614.48
5996,2025-06-28,1973.29
6004,2025-09-03,1018.2
6024,2025-08-04,1310.17
6025,2025-07-26,1536.29
6028,2025-08-06,399.06
6028,2025-07-28,1038.16
6033,2025-08-16,10181.1
6034,2025-01-29,1929.25
6056,2025-07-13,1988.28
6072,2025-08-20,2646.4
6076,2025-02-12,758.87
6080,2025-06-09,1006.86
6086,2025-11-08,1075.01
6087,2025-03-22,975.41
6099,2025-02-23,1705.38
6112,2025-04-12,714.71
6127,2025-07-27,2178.07
6130,2025-12-10,308.13
6133,2025-01-16,1507.38
6147,2025-08-10,1193.12
6147,2025-06-02,955.99
6150,2025-06-29,2727.03
6150,2025-06-13,797.63
6151,2025-01-01,3038.74
6167,2025-05-09,1137.1
6205,2025-08-11,2593.76
6242,2025-12-29,1220.72
6244,2025-11-11,1765.1
6257,2025-06-28,1326.89
6262,2025-10-31,579.53
6269,2025-02-09,1263.47
6273,2025-08-04,3282.23
6275,2025-01-17,1529.37
6276,2025-01-30,10129.14
6282,2025-08-10,6136.58
6283,2025-01-22,167.24
6290,2025-06-09,107.51
6300,2025-03-13,886.56
6303,2025-06-01,311.5
6306,2025-08-22,3074.42
6308,2025-01-10,312.18
6318,2025-12-03,630.84
6322,2025-08-08,494.76
6328,2025-12-11,514.4
6338,2025-12-02,1213.26
6343,2025-02-01,1480.38
6345,2025-04-12,2548.41
6349,2025-08-29,2339.72
6359,2025-06-30,1809.79
6364,2025-05-16,1135.52
6381,2025-09-30,2369.59
6385,2025-02-18,1094.24
6389,2025-07-14,1002.63
6406,2025-07-27,1519.41
6415,2025-11-21,1796.92
6417,2025-02-08,605.92
6428,2025-04-07,452.29
6438,2025-09-16,215.67
6439,2025-05-26,3478.28
6440,2025-06-10,5007.59
6442,2025-04-21,685.86
6443,2025-08-02,2163.73
6458,2025-07-06,2304.33
6468,2025-02-20,1451.46
6473,2025-04-19,845.51
6482,2025-06-18,989.78
6500,2025-06-21,718.04
6502,2025-09-20,668.88
6509,2025-10-01,663.36
6512,2025-03-04,1956.63
6522,2025-08-12,565.34
6523,2025-07-24,535.48
6524,2025-01-20,1135.34
6543,2025-08-09,1127.78
6546,2025-07-04,555.8
6557,2025-05-14,2047.47
6560,2025-02-28,954.4
6571,2025-11-14,423.28
6572,2025-11-09,2206.58
6582,2025-08-15,1929.07
6586,2025-11-03,207.51
6594,2025-10-22,1064.67
6596,2025-12-29,153.42
6598,2025-03-23,321.9
6600,2025-09-03,302.51
6636,2025-07-23,1179.59
6637,2025-06-03,1156.03
6637,2025-06-07,148.87
6655,2025-08-23,330.63
6665,2025-12-12,275.36
6666,2025-10-15,2034.75
6674,2025-09-22,2019.08
6677,2025-12-24,818.72
6705,2025-09-21,1156.84
6714,2025-12-14,2320.72
6725,2025-07-18,2502.16
6728,2025-09-22,257.76
6729,2025-08-03,542.43
6733,2025-10-27,704.59
6735,2025-06-09,874.75
6740,2025-02-05,109.56
6743,2025-09-17,1364.99
6747,2025-07-01,352.3
6751,2025-09-05,1172.39
6760,2025-11-04,370.61
6762,2025-08-05,2182.61
6771,2025-07-10,2217.56
6774,2025-03-10,278.0
6784,2025-09-23,1016.11
6802,2025-12-12,1957.25
6803,2025-12-20,2364.22
6813,2025-12-18,359.28
6823,2025-05-09,1027.44
6843,2025-12-06,1744.24
6844,2025-08-03,1419.32
6853,2025-10-09,3385.38
6858,2025-12-09,129.82
6864,2025-04-10,670.91
6901,2025-04-21,232.39
6910,2025-04-07,999.36
6912,2025-06-15,2159.89
6923,2025-05-20,271.41
6949,2025-03-14,1157.55
6959,2025-09-02,190.47
6962,2025-08-29,486.93
6963,2025-06-15,531.58
6965,2025-09-20,221.3
6965,2025-09-19,2081.61
6966,2025-03-30,185.03
6977,2025-06-27,623.36
6982,2025-07-11,1547.21
6995,2025-05-19,1212.79
7003,2025-09-29,104.33
7013,2025-03-17,1080.94
7013,2025-12-03,1273.91
7015,2025-05-01,3460.74
7016,2025-03-17,3170.71
7016,2025-08-05,1109.19
7028,2025-03-14,1615.53
7028,2025-06-30,2779.9
7028,2025-07-03,1918.87
7038,2025-06-06,212.91
7039,2025-01-13,1713.55
7049,2025-10-27,793.86
7056,2025-07-21,1229.94
7056,2025-02-28,1533.28
7057,2025-12-12,2016.37
7060,2025-12-05,495.24
7063,2025-08-22,2481.62
7070,2025-09-26,1725.2
7082,2025-11-27,8695.57
7105,2025-06-22,2041.2
7116,2025-01-12,1172.41
7134,2025-02-18,1929.3
7144,2025-07-31,1053.84
7145,2025-08-22,861.84
7148,2025-11-27,424.78
7166,2025-04-03,1344.49
7172,2025-07-04,3043.35
7174,2025-08-17,204.7
7179,2025-06-11,481.57
7182,2025-04-05,2824.47
7192,2025-06-14,639.7
7195,2025-11-03,2711.77
7195,2025-09-23,403.12
7206,2025-09-28,235.14
7211,2025-02-24,2157.98
7213,2025-09-12,350.93
7229,2025-08-15,2613.88
7235,2025-06-03,666.99
7243,2025-01-16,752.17
7249,2025-08-13,871.72
7249,2025-08-01,778.31
7265,2025-06-17,1939.92
7288,2025-04-26,1799.23
7297,2025-06-02,585.71
7309,2025-07-08,2614.31
7326,2025-06-20,1872.52
7331,2025-05-16,4629.26
7339,2025-08-19,1838.82
7339,2025-10-04,4972.67
7351,2025-06-18,1623.98
7353,2025-05-25,570.89
7357,2025-08-09,581.78
7368,2025-05-23,440.5
7373,2025-04-19,1448.23
7386,2025-09-25,5544.14
7389,2025-06-05,1260.2
7396,2025-08-31,474.09
7397,2025-12-13,1106.18
7407,2025-07-01,896.22
7414,2025-03-23,1756.07
7423,2025-01-15,2309.55
7436,2025-11-23,180.91
7470,2025-01-02,2450.94
7476,2025-04-04,2416.84
7482,2025-09-02,2450.0
7482,2025-05-15,3105.22
7486,2025-10-05,2396.52
7486,2025-09-23,1854.86
7490,2025-04-07,1652.24
7493,2025-08-06,157.5
7505,2025-05-23,5247.05
7510,2025-04-26,142.08
7556,2025-10-05,314.14
7584,2025-03-03,408.06
7595,2025-07-31,2222.62
7603,2025-08-15,2828.99
7615,2025-05-13,5891.17
7620,2025-02-11,1117.69
7622,2025-04-12,610.96
7640,2025-06-17,361.33
7646,2025-08-24,660.86
7648,2025-09-24,877.79
7655,2025-01-01,4583.73
7657,2025-04-06,235.12
7664,2025-12-14,244.15
7678,2025-01-01,1526.89
7690,2025-08-12,856.12
7692,2025-06-12,215.55
7699,2025-04-02,107.9
7701,2025-09-08,729.9
7714,2025-04-28,2217.72
7714,2025-08-28,584.91
7736,2025-09-07,210.53
7755,2025-04-19,1622.25
7755,2025-04-12,582.57
7758,2025-02-08,4667.24
7763,2025-03-02,2500.48
7774,2025-10-04,1432.74
7793,2025-08-26,173.52
7794,2025-09-04,1061.42
7799,2025-03-10,2431.0
7805,2025-06-15,1518.59
7811,2025-09-10,372.35
7843,2025-10-30,117.17
7858,2025-06-23,1739.61
7867,2025-05-03,3075.12
7870,2025-08-20,240.48
7879,2025-05-14,1006.63
7891,2025-05-09,219.93
7896,2025-07-07,3193.64
7923,2025-04-28,925.07
7925,2025-11-21,3470.0
7926,2025-08-06,2300.37
7940,2025-06-14,173.0
7943,2025-08-12,492.4
7951,2025-06-21,753.67
7971,2025-07-24,3288.26
7978,2025-03-30,2383.4
7999,2025-12-20,881.36
8003,2025-12-22,1065.47
8005,2025-08-16,3977.82
8005,2025-06-05,5508.78
8008,2025-06-20,2594.74
8016,2025-07-05,937.34
8019,2025-07-19,2351.22
8023,2025-07-12,926.33
8030,2025-04-12,2619.62
8034,2025-01-01,579.51
8037,2025-03-17,4433.34
8042,2025-02-26,1133.91
8044,2025-08-05,225.49
8048,2025-01-18,741.04
8053,2025-08-31,435.74
8076,2025-07-26,2884.84
8088,2025-06-13,3110.05
8108,2025-11-12,514.47
8118,2025-04-19,835.93
8136,2025-02-07,244.2
8144,2025-10-08,1285.94
8146,2025-01-23,2028.99
8148,2025-09-12,426.82
8155,2025-11-09,9702.93
8155,2025-02-01,864.77
8156,2025-07-02,1853.06
8158,2025-02-28,2207.67
8165,2025-12-08,187.97
8171,2025-10-31,987.34
8177,2025-06-18,953.02
8190,2025-01-12,1136.76
8195,2025-05-05,435.1
8198,2025-07-22,880.63
8217,2025-03-11,2781.42
8219,2025-01-12,1173.9
8221,2025-12-17,3813.77
8223,2025-08-15,1227.89
8223,2025-09-29,225.81
8227,2025-11-21,968.38
8244,2025-04-21,1168.77
8246,2025-04-04,1369.72
8251,2025-09-30,404.75
8256,2025-03-08,2856.31
8262,2025-04-01,6042.67
8269,2025-01-26,2846.0
8279,2025-06-06,2205.42
8279,2025-12-19,1041.54
8285,2025-06-07,112.62
8292,2025-02-27,802.69
8295,2025-06-23,1560.84
8296,2025-08-14,281.56
8312,2025-07-02,570.54
8321,2025-01-29,310.25
8322,2025-06-21,438.18
8331,2025-06-25,918.83
8362,2025-12-24,1607.07
8363,2025-04-04,803.18
8379,2025-06-08,585.6
8381,2025-12-16,927.4
8385,2025-01-02,1390.25
8391,2025-07-30,1825.09
8400,2025-04-15,1993.15
8402,2025-09-16,880.22
8407,2025-07-17,235.05
8409,2025-08-27,741.41
8412,2025-12-18,1492.05
8417,2025-11-15,2178.4
8421,2025-07-28,1350.23
8424,2025-12-12,2698.4
8440,2025-09-09,871.49
8446,2025-05-13,1003.31
8446,2025-05-23,746.84
8453,2025-01-02,1002.71
8467,2025-03-10,235.45
8472,2025-07-06,131.02
8476,2025-11-14,845.43
8491,2025-07-03,615.33
8517,2025-09-07,2877.8
8521,2025-07-04,2262.99
8526,2025-08-13,885.13
8549,2025-07-20,363.5
8553,2025-08-24,2334.39
8574,2025-08-31,1643.15
8587,2025-03-29,623.01
8589,2025-08-22,402.88
8599,2025-11-16,1751.18
8601,2025-07-18,1868.18
8607,2025-09-02,6048.68
8620,2025-03-03,2411.84
8630,2025-06-10,395.51
8645,2025-08-03,665.07
8650,2025-03-24,10699.0
8651,2025-06-20,1424.35
8652,2025-11-05,818.54
8655,2025-07-11,1990.15
8685,2025-07-14,1044.68
8689,2025-07-30,1499.07
8693,2025-10-12,1133.36
8693,2025-03-12,1133.06
8709,2025-12-02,831.04
8717,2025-10-03,762.27
8719,2025-09-20,101.23
8728,2025-01-18,2505.85
8731,2025-06-05,857.15
8735,2025-06-18,329.78
8744,2025-04-19,1402.07
8765,2025-07-26,5660.51
8766,2025-06-10,143.1
8767,2025-12-29,897.23
8772,2025-08-25,123.91
8774,2025-11-16,287.04
8777,2025-02-26,2050.09
8780,2025-05-15,1425.6
8785,2025-09-01,1166.57
8789,2025-11-25,553.07
8791,2025-11-20,2022.41
8801,2025-01-02,159.3
8803,2025-01-10,248.91
8811,2025-09-14,626.22
8812,2025-11-29,4034.2
8828,2025-06-25,841.83
8829,2025-09-20,758.93
8847,2025-12-22,749.48
8847,2025-06-08,1756.33
8853,2025-04-28,980.52
8855,2025-03-16,322.13
8868,2025-08-30,4188.94
8870,2025-05-14,533.72
8907,2025-09-02,1427.75
8908,2025-02-17,1602.07
8910,2025-04-07,1331.25
8920,2025-05-27,2431.52
8924,2025-12-03,890.52
8928,2025-11-26,1917.56
8934,2025-09-19,160.08
8939,2025-03-22,138.63
8953,2025-09-30,387.46
8955,2025-11-30,3626.79
8976,2025-08-15,2924.53
8981,2025-02-16,285.74
8987,2025-07-14,557.28
8992,2025-06-26,927.14
9002,2025-07-04,1251.6
9009,2025-02-23,172.0
9017,2025-01-26,377.98
9035,2025-11-26,1842.55
9039,2025-09-13,2152.21
9040,2025-03-21,1119.57
9041,2025-03-31,948.02
9052,2025-07-14,1951.26
9067,2025-04-17,1760.4
9073,2025-04-29,363.68
9093,2025-06-28,3927.2
9093,2025-01-03,965.86
9095,2025-05-14,4264.09
9111,2025-12-23,780.39
9113,2025-05-27,1514.79
9118,2025-01-23,1652.74
9148,2025-06-01,1856.59
9164,2025-06-07,1651.76
9165,2025-07-21,261.48
9166,2025-10-06,1019.64
9169,2025-04-02,1590.97
9175,2025-05-30,548.42
9177,2025-12-01,1215.43
9177,2025-03-21,298.19
9194,2025-08-06,1388.09
9217,2025-08-31,7126.86
9228,2025-12-30,2950.56
9230,2025-11-07,137.36
9236,2025-10-13,404.88
9240,2025-05-11,1807.12
9241,2025-06-29,2061.56
9241,2025-01-17,1933.21
9268,2025-07-20,1408.4
9276,2025-05-02,1116.52
9278,2025-05-08,1308.66
9280,2025-05-09,157.14
9285,2025-08-14,911.51
9285,2025-09-08,1015.96
9293,2025-06-05,1203.08
9308,2025-03-12,1492.7
9317,2025-05-17,855.11
9320,2025-12-28,2960.5
9346,2025-05-13,644.28
9348,2025-11-08,1733.75
9350,2025-02-19,2072.58
9351,2025-10-20,558.81
9368,2025-04-09,137.82
9372,2025-07-23,1923.83
9387,2025-04-22,4530.71
9393,2025-01-02,191.22
9400,2025-10-10,1799.58
9405,2025-06-27,1711.11
9414,2025-11-06,972.71
9414,2025-12-13,2032.02
9421,2025-12-09,181.17
9425,2025-09-16,1374.13
9434,2025-11-23,3606.51
9440,2025-08-06,446.35
9442,2025-06-16,1998.0
9449,2025-05-03,3347.59
9462,2025-06-05,381.71
9462,2025-08-01,127.91
9467,2025-08-11,226.52
9472,2025-07-24,1399.94
9477,2025-09-16,879.67
9480,2025-06-21,392.6
9490,2025-10-30,1174.0
9497,2025-09-18,427.18
9505,2025-05-14,1536.3
9506,2025-07-18,1155.78
9524,2025-11-10,1637.14
9539,2025-09-23,1525.07
9540,2025-04-30,1490.77
9561,2025-06-08,1323.99
9573,2025-07-30,1864.13
9573,2025-07-26,2384.2
9604,2025-08-18,4956.98
9610,2025-01-31,1947.53
9611,2025-11-15,6759.52
9635,2025-01-30,5573.97
9655,2025-08-19,460.74
9677,2025-04-18,2286.07
9684,2025-03-29,221.07
9689,2025-09-22,157.98
9704,2025-10-05,1175.62
9739,2025-08-12,2038.71
9739,2025-06-07,2137.93
9745,2025-08-13,7017.26
9751,2025-07-03,1091.71
9755,2025-09-16,4479.67
9758,2025-03-02,1401.59
9763,2025-12-04,4167.91
9763,2025-08-27,1117.97
9765,2025-09-03,1013.63
9766,2025-06-03,1123.08
9773,2025-07-12,1072.14
9802,2025-02-22,3504.77
9806,2025-06-28,4500.09
9812,2025-04-27,1523.01
9829,2025-02-24,383.51
9841,2025-06-08,1907.11
9850,2025-01-29,1774.39
9858,2025-09-04,316.28
9880,2025-10-25,727.29
9890,2025-06-23,737.87
9890,2025-05-03,201.06
9890,2025-09-14,277.8
9910,2025-08-29,3843.37
9912,2025-09-28,739.86
9914,2025-02-13,223.95
9928,2025-08-24,183.45
9931,2025-01-31,481.36
9931,2025-01-04,337.86
9932,2025-02-02,751.76
9934,2025-07-25,3140.81
9942,2025-06-22,1349.86
9950,2025-04-10,1356.54
9972,2025-10-29,660.24
9986,2025-03-05,575.49
9989,2025-04-09,566.48
